"","psi","omega_a","omega_FL","alpha","phi_v","beta_v","K_v","phi_v","beta_v","K_v","phi_z","beta_z","lambda_z","K_z","phi_h","beta_H","lambda_h","K_h","zeta","zi2","CF_att","CF_fl"
"1",0.00207049135121662,0.00246615550310081,0.488000115468233,0.00312348645137717,-0.00197521074868745,0.0170389546833635,-0.0094291237099271,0.0205969024910237,-0.00554043317383535,-0.00605509506379587,-0.00714529419206333,-0.000592904030651598,0.0123419550292931,0.00400919939657585,0.000115467666280233,-0.00463473075966925,0.00407176287439559,0.00477970713493781,0.00159205956252018,-0.00568945635939011,-0.00943246630823702,0.100986450181946
"2",0.134766753753287,0.154726832701469,0.00474169124240298,0.15711132901356,0.00208247632352954,0.00667310960804401,-0.00446913510725455,-0.00900802553954461,-0.0131084142945757,-0.0021130401813696,0.00212822271813151,-0.00355638613323572,0.0125758856124791,-0.0018638123653405,0.00293403833540873,0.004770727182971,0.00714752466221269,-0.00200428405228581,-0.0103822848858235,-0.00242196924366245,0.149255729242951,-0.00831146261615112
"3",0.225884738218718,0.254853549133082,-0.00548545295161529,0.233220720550534,-0.00730314553823752,0.00508752426788961,0.0230601438160258,-0.00123031121233819,0.00781570545775123,-0.00891692204096484,0.0123762493207684,0.00751003353843827,0.006054784162145,-0.0164959373506677,0.0022409824717653,-0.00826265810032734,0.006837833249418,0.000905879646997843,-0.000378670946644233,-0.00136177492122647,0.0020200260683374,0.0106770358893286
"4",0.00726809056604083,0.0067365370697956,0.502533032738961,0.0036019765345634,0.0157087945513779,0.0117477046009964,-0.000766664083856172,0.0632232892000972,0.0384006364983203,0.0400510042895607,-0.00232328301941043,0.000598984490679189,0.00461525138730834,0.00611340847103303,0.0225737353891612,0.00211160213428252,0.0117128694493907,0.0110034473708032,-0.00718825387507982,0.00990144453138997,0.00108730264829271,-0.00206869302679369
