"","psi","omega_a","omega_FL","alpha","phi_v","beta_v","K_v","phi_v","beta_v","K_v","phi_z","beta_z","lambda_z","K_z","phi_h","beta_H","lambda_h","K_h","zeta","zi2","CF_att","CF_fl"
"1",0.479873302553038,0.486916047389219,0.7747800256183,0.496813823072127,0.490445611920359,0.490824632799628,0.482759020752834,0.507754301811932,0.49803806695646,0.508118850267817,0.489489011205506,0.485178428525379,0.483284943936147,0.492800113351211,0.488758427647203,0.485074980698531,0.489713019888058,0.496233974050117,0.485479911393405,0.495976428743443,0.453407669559447,0.586440097738223
"2",0.589554712820337,0.596322766899024,0.456083427664556,0.592852098619932,0.448984750433919,0.45175386242832,0.454541701436823,0.452095114997231,0.448892135669507,0.461645068924798,0.454538270657317,0.458001991824858,0.456224280122571,0.453002053006818,0.456853215371535,0.454922443300532,0.459760288529715,0.454167108796357,0.454415457195731,0.452996339076767,0.62587095884385,0.400238938846445
"3",0.688223577992982,0.700559416654273,0.535373145066392,0.698272891885885,0.533253519043895,0.531055788461874,0.531419373134628,0.531647772360243,0.533093312976972,0.531194869620955,0.530199209385678,0.531198645824347,0.533817783346479,0.534002974951718,0.536815227032339,0.535262371720158,0.536447191044921,0.529881077599793,0.531028873963372,0.53357559948756,0.472759327558333,0.469055145450528
"4",0.578009511576788,0.579952475696362,0.857639479693727,0.584119133665385,0.590043898603135,0.587461039350392,0.574742156327963,0.606879949448629,0.595303696459084,0.601330351899578,0.575121442345575,0.568149801762329,0.57402372751873,0.579305931631894,0.592947295034482,0.577662936891732,0.587226716395401,0.581077180953414,0.573555717505088,0.578256567009765,0.508776345259532,0.514509030093821
